Date,Title,Creator,Views
Today,Spain vs. France FULL REACTION üëÄ Lamine Yamal plays like he‚Äôs with his friends ‚Äì Shaka | ESPN FC,ESPN FC,133K views
Today,Did Spain vs. France SETTLE the Lamine Yamal-Ousmane Dembele Ballon d'Or debate?! üëÄ | ESPN FC,ESPN FC,66K views
Today,FULL HIGHLIGHT! SPAIN (5) VS (4) FRANCE | UEFA NATIONS LEAGUE 2024/2025,RCTI Sports,805K views
Today,Spain vs France 5-4 - Highlights & All Goals - Nations League 2025,Dollar VFX,848K views
Today,üî¥Spain vs France (5-4) Extended HIGHLIGHTS | UEFA Nations League Semi-Final,SPORTS EXTRA,625K views
Today,Tyrese Haliburton Keeps Hitting Game Winners...,Kenny For Real,80K views
Today,Lamine Yamal Just ENDED the Ballon d'Or Debate! üèÜ,GRETT,2.9K views
Today,LAMINE YAMAL & RAYAN CHERKI ARE SAVING FOOTBALL.,CultureCams,12K views
Today,The moment 48k Chile fans applauded MESSI when he came on his first game for Argentina in 2025,SEVEN MASTERS,7.7K views
Today,Lamine Yamal Defeats Kylian Mbappe 5 Times in a Row (France vs Spain Reaction),NickRTFM Extra,42K views
Today,Club World Cup TICKET CRISIS?,DMac,46K views
Today,Lamine Yamal BLASTS Desire Doue and Mbappe after win - Post Match Interview - Spain 5-4 France,DangerousAI,13K views
Today,LIKE THAT - Call of Duty Montage,FaZe Scope,906K views
Today,"Camp Nou Construction Update (June 4, 2025)",SportsRender,22K views
Today,Lamine Records I Lamine Yamal I Beats,Beats by Dre,332K views
Today,Cole Palmer I Beats Studio Pro,Beats by Dre,35K views
Today,üá™üá∏ EVERY Spain Goal Scored In The Nations League 2024/25!,UEFA,41K views
Today,All #UCL Goals: PATRICK KLUIVERT,UEFA,442K views
Today,TOP 25 GOALS Patrick Kluivert LaLiga Santander,LALIGA EA SPORTS,341K views
Today,Patrick Kluivert Bangga Timnas Bungkam China 1-0 di Kualifikasi Piala Dunia 2026,KOMPASTV,22K views
Today,FULL HIGHLIGHT! INDONESIA (1) VS (O) CHINA | AFC ASIAN QUALIFIERS ROAD TO 26,RCTI Sports,2M views
Today,"MUST-SEE NBA FINALS GAME 1 ENDING Thunder vs Pacers üëÄ | June 5, 2025",NBA,394K views
Today,Wtf just Happened‚Ä¶ The NBA‚Ä¶. Tyrese‚Ä¶ Wtf,Chris-pg1,3.5K views
Today,WTF FOOTBALL IS PEAK MY N*GGAüó£Ô∏èüó£Ô∏è,Chris-pg1,4.4K views
Today,'Cristiano Ronaldo A FOOTBALL LEGEND! BUT MY JOB IS TO BEAT HIM!' | Lamine Yamal | Spain 5-4 France,BeanymanSports,23K views
Today,BEST REACTIONS AND CRIES FROM REAL MADRIDISTAS TO SPAIN 5-4 FRANCE,Invasi√≥n Geek,61K views
Today,Tyrese Haliburton INSANE GAME WINNER vs OKC in Game 1 of NBA Finals,Chaz NBA,280K views
Today,Shaq reacts to Tyrese Haliburton game winner and Pacers winning Game 1 vs OKC,Chaz NBA,82K views
Today,BIG MATCH: LAMINE SCORES BACK TO THE FINAL | SPAIN 5-4 FRANCE | UEFA NATIONS LEAGUE,Ubietoo,54K views
Today,Elon Musks Neverending Downfall,TommyNFG,131K views
Today,INSANE SPAIN W v FRANCE (Ballon D'or Lamine Agenda Continues),Robby Lou Two,11K views
Today,Ballon d'Or ?!?!‚Ä¶.| Spain 5-4 France,K9RL ,3.5K views
Today,SPANISH NATIONAL TEAM | Lamine Yamal's reaction after thrashing France (5-4) | Nations League,Mundo Deportivo,87K views
Today,Spain Advance to the Nations League Final,Michi,9.1K views
Today,Lamine Yamal & Cherki Are Absolutely INCREDIBLE.,More Lyes ,38K views
Today,This isn‚Äôt even fair,I Do Know Nothing,223K views
Today,Ayrton Senna kisses Japanese woman,4EverAyrton,700K views
Today,Spain eliminated the Netherlands from the Nations League. What a game! üî•,Sport Snaps ,318K views
Today,Fernando Alonso goes TOTALLY GOOFY for 10 insane minutes,BurnoutBios‚Ñ¢,472K views
Today,Lamine Yamal vs D√©sir√© Dou√© | 2025,Jose Jr Productions,330K views
Today,Spain vs France ‚Äì Lamine Yamal & Demb√©l√©'s Ballon d'Or Moment!,GRETT,1K views
Today,Hurry Up Tomorrow Shut the F*ck Up Scene,Petkid99,36K views
Today,"""Why Am I Doing This? What's The Point?"" Magnus Carlsen",Take Take Take,772K views
Today,Technology has gone too far..,Asmongold Clips,460K views
Today,Wanted (5/11) Movie CLIP - Wesley's Breakdown (2008) HD,Movieclips,23M views
Today,"Automatically Google login by Selenium in Python and bypass ""This browser or app may not be secure""",Nexus PrO,24K views
Yesterday,NBA Players Who Will SELL YOUR PARLAY (EVERYTIME),Chris-pg1,32K views
Yesterday,NBA MEDIA DAY LORE,Chris-pg1,60K views
Yesterday,BRONNY JAMES IS INDEED NOT ASS,Chris-pg1,41K views
Yesterday,BRONNY JAMES IS NOT ASS,Chris-pg1,52K views
Yesterday,NBA ‚ÄúStay Off The Weed‚Äù LORE (WILD CONFESSION AT THE ENDüòü),Chris-pg1,79K views
Yesterday,that 1 friend who is super conservative all of a sudden,Man Carrying Thing,282K views
Yesterday,gen z after finally getting tricked by an AI video,Man Carrying Thing,240K views
Yesterday,"basically elon ""quitting"" right now",Man Carrying Thing,266K views
Yesterday,democrats trying to appeal to young men right now,Man Carrying Thing,361K views
Yesterday,"companies during pride month, then vs. now",Man Carrying Thing,618K views
Yesterday,tom cruise .002 seconds after Lilo & Stitch is #1 at the box office,Man Carrying Thing,217K views
Yesterday,The moment we stopped understanding AI [AlexNet],Welch Labs,1.9M views
Yesterday,Alien: Earth | Official Trailer | FX,FX Networks,7.2M views
Yesterday,Happy Birthday if it were written by Liszt,Rousseau,3.3M views
Yesterday,SHOCK LIVERPOOL MOVE! ARSENAL TRANSFER TWIST!,That's Football,329K views
Yesterday,WHY JOAN GARCIA TO BARCELONA IS BIGGER THAN YOU THINK (EXPLAINED),Faysal,40K views
Yesterday,Joan Garcia is Coming to Barca!!,Michi,14K views
Yesterday,Why Barcelona Signed Joan Garcia,Robby Lou ,127K views
Yesterday,World Champion GUKESH DEFEATS World #1 Magnus Carlsen!,Chess Clips,391K views
Yesterday,Hikaru BEATS Magnus with INCREDIBLE PLAY in ARMAGEDDON GAME,chess24,196K views
Yesterday,Lamine Yamal: Born to Shine | MOVIE,MagicalMessi,40K views
Yesterday,World #2 Hikaru Nakamura DEFEATS World Champion GUKESH!,Chess Clips,22K views
Yesterday,84.000 Fans Singing UN DIA DE PARTIT (Allez Allez Allez) FC Barcelona vs Athletic Bilbao,Helle,716K views
Yesterday,This Microsoft-backed AI startup just collapsed‚Ä¶ why?,Fireship,613K views
Yesterday,Transfer Season is fully here,P√™che Football,105K views
Yesterday,ESPN Ranked The Top 100 Footballers & OH MY....,NickRTFM Extra,39K views
Yesterday,The Boyboy West Coast - U Was At The Club [Bottoms Up] *HQ Snippet 2019*,icetrocity,21M views
Yesterday,"„ÄêENG SUB„ÄëBetrayed for years, she‚Äôs reborn and ready to take revenge on her husband and his mistress.",Daisy Drama Club,2.1K views
Yesterday,How Git Works: Explained in 4 Minutes,ByteByteGo,473K views
Yesterday,I installed Linux (so should you),PewDiePie,5.7M views
Yesterday,Henry VIII - OverSimplified,OverSimplified,45M views
Yesterday,Why Osama bin Laden Attacked the US,The Infographics Show,2.3M views
Yesterday,Max FINDS OUT he is the WORLD CHAMPION - Japanese GP 2022 Cooldown Room,Javalinsta,1.5M views
Yesterday,Best Cooldown Room Moments Of 2022!,FORMULA 1,1.7M views
Yesterday,"üî•Hari nikah, dihina sbg tukang nasi goreng miskin & dikhianati!Tak disangka, dia Jenderal No.1!‚öîÔ∏è",Harimau Drama,5.5M views
Yesterday,realizing you're the wokest of the friend group,Man Carrying Thing,237K views
Yesterday,Cristiano Ronaldo sends Portugal to Nations League Final,NickRTFM Extra,46K views
Yesterday,FULL HIGHLIGHT! JERMAN (1) VS (2) PORTUGAL | SEMI FINAL | UEFA NATIONS LEAGUE 2024/2025,RCTI Sports,418K views
Yesterday,When Was Messi 'Actually' In His Prime?,The Football Narrative,380K views
Yesterday,Rosberg And Hamilton Clash On Last Lap | Austrian Grand Prix 2016,FORMULA 1,9.1M views
Yesterday,JERMAN (1) VS (2) PORTUGAL EXTENDED HIGHLIGHTS - SEMIFINAL UEFA NATIONS LEAGUE 2025,RCTI Sports,1.7M views
Wednesday,Torvalds Speaks: Future of AI,Mastery Learning,92K views
Wednesday,Gangsta Rap ‚Äì N*gga song,bvlnn,7.2M views
Wednesday,Torvalds Speaks: Rust's Impact on the Linux Kernel,Mastery Learning,627K views
Wednesday,4 Billion If Statements | Prime Reacts,ThePrimeTime,635K views
Wednesday,50 Cent - In Da Club (Official Music Video),50 Cent,2.3B views
Wednesday,"Eminem feat. Trick Trick - Welcome 2 Detroit (4K/UltraHD | Performance @ Detroit, 06.06.2024)",ePro News: Support for Eminem,218K views
Wednesday,Trick Trick - Welcome 2 Detroit ft. Eminem,TRICK TRICK,24M views
Wednesday,FINAL MOMENTS of WORLD #1 MAGNUS CARLSEN vs. WORLD CHAMPION GUKESH,Chess.com,611K views
Wednesday,World Champion GUKESH DEFEATS World #1 Magnus Carlsen!,Chess Clips,391K views
Wednesday,Why Barcelona Fans Decided To HATE Ter Stegen‚Ä¶,K9RL ,9.1K views
Wednesday,"üî•Hari nikah, dihina sbg tukang nasi goreng miskin & dikhianati!Tak disangka, dia Jenderal No.1!‚öîÔ∏è",Harimau Drama,5.5M views
Wednesday,This Microsoft-backed AI startup just collapsed‚Ä¶ why?,Fireship,613K views
Wednesday,Embarrassing,Zealandism,24K views
Wednesday,From Meth To Netflix,ThePrimeagen,1.1M views
Wednesday,Watch all Messi's goals against English clubs,UEFA,1.8M views
Wednesday,Screamer - Official Reveal Teaser Trailer | The Game Awards 2024,IGN,883K views
Wednesday,F1 25 Path Tracing 4K - Lewis Hamilton's Ferrari SF25 | Bahrain GP 100% Race Steering Wheel Gameplay,MalDrift,337K views
Wednesday,20 Insane Details in Red Dead Redemption 2,GameBest,9.1M views
Wednesday,Grand Theft Auto VI Trailer 2,Rockstar Games,118M views
Wednesday,Sports Lore Lately..,Chris-pg1,11K views
Wednesday,Why Me And My N*ggas Love Football,Chris-pg1,17K views
Wednesday,The Witcher 4 ‚Äî Unreal Engine 5 Tech Demo,The Witcher,2.9M views
Wednesday,Ballon D‚Äôor Battle,P√™che Football,95K views
Wednesday,Transfer News is on FIRE!,NickRTFM Extra,48K views
Wednesday,This Shouldn't Be Possible...,Low Level,302K views
Wednesday,Transfer News is on FIRE!,NickRTFM Extra,48K views
Wednesday,Why Me And My N*ggas Love Football,Chris-pg1,17K views
Wednesday,This Shouldn't Be Possible...,Low Level,302K views
Tuesday,"how to steal over ‚Ç¨300,000,000 from an entire country",Maqwell,148K views
Tuesday,Jos√© Mourinho becomes official manager of ALL teams for UEFA EURO 2024... Topps Sticker Album,Topps UK,3.8M views
Tuesday,The Witcher 4 Tech Demo Unreal Engine 5,GamersPrey,872K views
Tuesday,Heartbreak As England Lose In Euro 2024 Final | Spain 2-1 England,The Club,206K views
Tuesday,Ranking European Giants this Season,Michi,13K views
Tuesday,ANGE SACKED! LIVERPOOL vs CHELSEA FOR EKITIKE!,That's Football,352K views
Tuesday,"Pedri Out, Rice in",P√™che Football,111K views
Tuesday,close to you - the carpenters,Birru,12K views
Tuesday,FC Barcelona's First Signing of the Summer! Plus Deco's BIG Announcement!,GRETT,8K views
Tuesday,Mbeumo CHOSE Man United & Bruno STAYS!,More Lyes ,65K views
Tuesday,LAMINE YAMAL BREAKS HIS SILENCE,Coach Ali,25K views
Tuesday,Black Phone 2 | Official Trailer,Universal Pictures,5.6M views
Tuesday,Is Claude 4 a snitch? I made a benchmark to figure it out,Theo - t3‚Ä§gg,58K views
Tuesday,"Bro, The Champions League Final Sucked.",Jib Rules,188K views
Tuesday,Sports Lore Lately..,Chris-pg1,11K views
Monday,The Top Right Messi: A Statistical Anomaly in Football,Matchlytics,82K views
Monday,Every LIONEL MESSI UEFA Champions League goal!,UEFA,3.2M views
Monday,The TOP 10 Goals From The Champions League 2024/25!,UEFA,445K views
Monday,BEST of JOAN GARC√çA in LALIGA EA SPORTS 2024/2025,LALIGA EA SPORTS,236K views
Monday,Inter Miami CF vs. Columbus Crew | Full Match Highlights | Messi Brace + 3 Assists!,Major League Soccer,1.5M views
Monday,SELECCI√ìN ESPA√ëOLA | LAMINE YAMAL brilla en el ENTRENAMIENTO de puertas abiertas antes de FRANCIA,Mundo Deportivo,765K views
Monday,MESSI +10 | EP 1. | LAMINE YAMAL,adidas Football,425K views
Monday,This is Formula One,noway-,3.4M views
Monday,Max Verstappen | Toxic | Music Video,THE LONE,854K views
Monday,The move that made Max Verstappen the 2023 World Champion,Javalinsta,112K views
Monday,üß¨DNA: A Max Verstappen x Kendrick Lamar Edit üß¨,B√©la Films,748K views
Monday,BURNING CRUSADE - MAX VERSTAPPEN EDIT,yunsuv,26K views
Monday,EVILJORDAN - I AM CHARLES LECLERC EDIT,yunsuv,231K views
Monday,Netherlands National Anthem (Instrumental),National Anthems Channel,1.7M views
Monday,Verstappen's Maiden Win | Spanish Grand Prix 2016,FORMULA 1,1.5M views
Monday,Max Verstappen's First Flying Lap in F1 | 2014 Japanese Grand Prix,FORMULA 1,1.7M views
Monday,Nico Rosberg's reaction on Max Verstappen after winning the Championship!,DutchVandaag,495K views
Monday,F1 Title Decider: Rosberg and Hamilton Reaction,FORMULA 1,1.7M views
Monday,Rosberg And Hamilton Collide | Spanish Grand Prix 2016,FORMULA 1,8.9M views
Monday,Max Verstappen's 10-Second Penalty For George Russell Collision | 2025 Spanish Grand Prix,FORMULA 1,1M views
Monday,Drivers React After The Race | 2025 Spanish Grand Prix,FORMULA 1,1.1M views
Monday,REBUILDING A WRECKED PORSCHE GT3RS IN 24 HOURS,Mat Armstrong,3.7M views
Monday,Just Dance 2 - Rasputin (side by side),nastyhobbit,22M views
Monday,Java is mounting a huge comeback,Fireship,1.3M views
Monday,Rust vs Zig vs Go Performance,Anton Putra,108K views
Monday,NO WAY PSG BEAT INTER DOWN LIKE THAT üò≠ | PSG 5-0 Inter Milan UCL Final LIVE Reaction!,Da Bronco,19K views
Monday,"SteamOS ""destroys"" Windows, kernel 6.15, Nice Firefox changes - Linux & Open Source news",The Linux Experiment,107K views
Monday,When Was Messi 'Actually' In His Prime?,The Football Narrative,380K views
Monday,Luka Doncic reaction to LeBron arriving 10 hours before game to workout üòÇ,Chaz NBA,109K views
Monday,David Beckham accuses Manchester United players of disrespect,Sky Sports News,606K views
Monday,Everyone Hates Nvidia..,Vex,636K views
Monday,üíîLuis Enrique Gets emotional after seeing Tifo of his Late daughter,Luffy Football ,382K views
Monday,We Have Witnessed A Massacre,Football Iconic,256K views
Sunday,Race Highlights | 2025 Spanish Grand Prix,FORMULA 1,5.7M views
Sunday,MBAPPE‚ÄôS LEGACY IS CRUMBLING‚Ä¶ CAN HE SAVE IT NEXT SEASON?,Faysal,36K views
Sunday,"Recurrent Neural Networks (RNNs), Clearly Explained!!!",StatQuest with Josh Starmer,758K views
Sunday,How Big Tech Checks Your Username in Milliseconds ‚ö°,ByteMonk,336K views
Sunday,LET'S ALL LAUGH AT MAQWELL,Maqwell,260K views
Sunday,luis in paris,Luis,61K views
Sunday,CELEBRATIONS! PSG lift the 2025 UEFA Champions League after beating Inter üèÜ #UCL,TNT Sports,2.7M views
Sunday,PSG Embarrass Inter to Win the UCL,Michi,21K views
Sunday,Humiliation‚Ä¶| Psg 5-0 Inter Milan,K9RL ,8.6K views
Sunday,5 weird (but useful) data structures in computer science,Fireship,570K views
Sunday,PSG HUMILIATED INTER 5-0 IN THE UCL FINAL!,More Lyes ,94K views
Sunday,how Google writes gorgeous C++,Low Level,1M views
Sunday,React Native Isn't as Popular as You Think,Tastemaker Design,228K views
Sunday,"Pope Francis on Lionel Messi: 'He's great on the pitch, but he is not God'",Guardian Football,65K views
Sunday,Inter Miami CF vs. Columbus Crew | Full Match Highlights | Messi Brace + 3 Assists!,Major League Soccer,1.5M views
Sunday,Qualifying Highlights | 2025 Spanish Grand Prix,FORMULA 1,3.6M views
Sunday,Is Desktop Development Still Relevant,CodeHead,33K views
Sunday,Tyrese Haliburton logo 3 as Pacers eliminate Knicks to advance to NBA Finals,Chaz NBA,244K views
Sunday,‚ÄúNBA AURA‚Äù,Chris-pg1,17K views
Sunday,Paris Saint-Germain 5-0 Inter Milan | UEFA Champions League Final | Match Highlights,beIN SPORTS Asia,3M views
Sunday,Inter Miami CF vs. Columbus Crew | Full Match Highlights | Messi Brace + 3 Assists!,Major League Soccer,1.5M views
Sunday,Qualifying Highlights | 2025 Spanish Grand Prix,FORMULA 1,3.6M views
Sunday,Is Desktop Development Still Relevant,CodeHead,33K views
Sunday,Tyrese Haliburton logo 3 as Pacers eliminate Knicks to advance to NBA Finals,Chaz NBA,244K views
Sunday,Humiliation‚Ä¶| Psg 5-0 Inter Milan,K9RL ,8.6K views
Sunday,‚ÄúNBA AURA‚Äù,Chris-pg1,17K views
Sunday,Paris Saint-Germain 5-0 Inter Milan | UEFA Champions League Final | Match Highlights,beIN SPORTS Asia,3M views
Sunday,PSG Embarrass Inter to Win the UCL,Michi,21K views
Saturday,Tom Cruise warns Mission Impossible crew they‚Äôre ‚Äòf***ing gone‚Äô if they break Covid rules on set,The Sun,1.6M views
Saturday,Crazy Reactions on Legendary Messi Goals | HD,Messi TheBoss,17M views
Saturday,Messi 2:0 goal / FC Barcelona - Bayern Munich,Rupert Pupkin,1.6M views
Saturday,Messi's goal Champions League Final 2011,Max Dennis,1.3M views
Saturday,"Messi Goal, Barcelona vs Huesca",Gabriel,2.6M views
Saturday,Iniesta in God Mode,allas FCB,1.9M views
Saturday,Why I Gave Up On Linux,Theo - t3‚Ä§gg,227K views
Saturday,Dear Functional Bros,CodeAesthetic,622K views
Saturday,NO TACTICS - A Radical New Direction for Football,The Purist Football,77K views
Saturday,Remix is ditching React (and I think that's a good thing),Theo - t3‚Ä§gg,77K views
Saturday,AB- $OUL HAS ENTERED THE WAR! | HE WANT SMOKE WITH EVERYBODY!,No Life Shaq,178K views
Saturday,Stephen Curry can't help but laugh at making Coach Pop furious with logo buzzer beater 3 ü§≠,Chaz NBA,2M views
Saturday,~/.dotfiles in 100 Seconds,Fireship,455K views
Saturday,FC BARCELONA 2024-2025 FULL SEASON REVIEW!,Faysal,43K views
Saturday,Barcelona Keep Or Sell This Season‚Ä¶,K9RL ,7.1K views
Saturday,Dopamine Driven Development,bigboxSWE,49K views
Saturday,Most Complex Pop Song Ever #music #song #musictheory #shorts,Rick Beato,2.7M views
Saturday,From 0 to IDE in NEOVIM from scratch | FREE COURSE // EP 1,typecraft,651K views
May 30,React VS Svelte...10 Examples,Beyond Fireship,649K views
May 30,My Champions League Final Prediction!,NickRTFM Extra,36K views
May 30,"What‚Äôs Up with Laravel? It‚Äôs Everywhere, and Here‚Äôs Why!",Travis Media,111K views
May 30,Tailwind CSS is the worst‚Ä¶,Fireship,1.6M views
May 30,The Wrexham Situation.,Vizeh,79K views
May 30,99% of Developers Don't Get MCP,The Coding Gopher,53K views
May 30,Claude Code: 5 Ways It Beats AI Code Editors,Yifan - Beyond the Hype,25K views
May 30,Why Your Machine Learning Projects Won't Land You a Job (The 5 Levels of ML Projects),Marina Wyss - Gratitude Driven,78K views
May 30,Claude 4 is here. It's kinda nuts.,Theo - t3‚Ä§gg,171K views
May 30,Coding with Claude 4 is actually insane,ForrestKnight,80K views
May 30,Linus On LLMs For Coding,ThePrimeTime,370K views
May 30,It‚Äôs actually over now,Theo - t3‚Ä§gg,163K views
May 30,Xavi Shines in Front Of Neymar! | FC Santos vs. RB Leipzig | Highlights,Bundesliga,256K views
May 30,Pedris amazing save against real sociadad.Brave kid.determined kid,Asraful Islam Hemel,325K views
May 30,"Shaq on Inside the NBA leaving TNT for ESPN ""We coming to kick a*s and take names""",Chaz NBA,207K views
May 30,10 regrets of experienced programmers,Fireship,1.8M views
May 30,"Most HEATED Premier League manager rants! üò° | Jose Mourinho, Antonio Conte, Ange and more!",Sky Sports Premier League,189K views
May 30,Jose Mourinho gives his thoughts on Ruben Amorim at Man Utd and Spurs' Europa League win,Sky Sports News,852K views
May 30,'The Special One' | Jose Mourinho's Best Ever Moments,Sky Sports Premier League,2.5M views
May 30,"""3 for me & 2 for them!"" - Jose Mourinho reminds everyone about his Premier League titles",Sky Sports Retro,271K views
May 30,When teenage Messi BULLIED Mourinho's Prime Chelsea,SombreroFlicks,1.3M views
May 30,Messi's first official goal for FC Barcelona,FC Barcelona,4.9M views
May 30,Nobody has matched Ronaldinho's magic at Barcelona üëë,Rptimao Videos,16M views
May 30,Ronaldinho Gaucho ‚óè Moments Impossible To Forget,WeSpeakFootball,37M views
May 30,Lionel Messi - 100 Magical Dribbling Skills,Fad3nHD,2.7M views
May 30,How Messi Saves Balance üòà,SH10Comps,9.3M views
May 30,cop curses after driver in charger outsmarts him #shorts #policechase #pursuit #viralshort #blowup,HemiBoyYe,11M views
May 30,Flexing üí™üòë,FrancoMods,3.6M views
May 30,When PSG ULTRAS take over Westfalenstadion.,The Home Of Ultras.,2.5M views
May 30,"Napoli in festa per la vittoria dello scudetto. Tifosi riempiono le piazze: ""Siamo i campioni""",Local Team,43K views
May 30,Transforming the ULTIMATE Zonda! üî•,Shmee150,166K views
May 30,Cadillac V-LMDh requires the SOUND ON. #cadillac #shorts,IMSA Official,1.2M views
May 30,Most Complex Pop Song Ever #music #song #musictheory #shorts,Rick Beato,2.7M views
May 30,What a Perfect 2-Step Looks Like,Exotic Rubber,2.4M views
May 30,Porsche GT3RS DRIFT! #porsche #gt3rs #cars,Stage 4 Tuning,3.2M views
May 30,"Announcing Gemma 3n Preview: Powerful, Efficient, Mobile-First AI",Google for Developers,261K views
May 30,Inter Miami CF vs. CF Montr√©al | Full Match Highlights | Messi and Luis Su√°rez Score 4 Goals!,Major League Soccer,1.5M views
May 30,Reacting To My Subscribers CRAZIEST HOT TAKES OF 2025‚Ä¶,K9RL ,5.4K views
May 30,Linux/Mac Terminal Tutorial: The Grep Command - Search Files and Directories for Patterns of Text,Corey Schafer,362K views
May 30,How to use grep command to find a file in Linux | Linux in a Minute,ACI Learning,24K views
May 30,The Ter Stegen Situation is Crazy Again...,Robby Lou Two,24K views
May 30,Chelsea Complete UEFA Sweep! Man Utd's Tour DISASTER!,DMac,48K views
May 30,Real Betis 1-4 Chelsea | UEFA Conference League 24/25 Match Highlights,beIN SPORTS Asia,997K views
May 30,"Cudi Didn't ""Snitch"" on Diddy",fantano,149K views
May 29,Bash in 100 Seconds,Fireship,1.7M views
May 29,What Your Linux Distro Says About You,bigboxSWE,703K views
May 29,Why so many distros? The Weird History of Linux,Fireship,1.6M views
May 29,Types Of ARCH LINUX Users...,Zilox,7.8K views
May 29,Inter Miami CF vs. CF Montr√©al | Full Match Highlights | Messi and Luis Su√°rez Score 4 Goals!,Major League Soccer,1.5M views
May 29,The Hate For Kendrick Lamar Makes Sense,IAmCharles,43K views
May 29,Google Nexus 5: How to Enable / Disable Developer Options,ITJungles,1.5K views
May 29,Why Claude Code Will Always Beat Cursor in Code Quality,Greg,23K views
May 29,Alex Caruso doing push ups after steal as OKC lead by 33 at half time üò≠,Chaz NBA,74K views
May 29,GOLDBRIDGE Best Bits | Man United 0-1 All Stars,Mark Goldbridge That's Entertainment!,127K views
May 29,MAN UNITED FANS HUMILIATED üò≥ REACTION TO ASEAN ALL STARS 1-0 MAN UNITED | POST SEASON FRIENDLY,FAN REACTIONS HUB,181K views
May 29,Manchester United v ASEAN All-Stars | Match Recap,Manchester United,5.7M views
May 29,Tottenham Hotspur 1-0 Manchester United | Europa League 24/25 Match Highlights,beIN SPORTS Indonesia,1.6M views
May 29,"""We Should Perform Better"" | Ruben Amorim Post-ASEAN All-Stars Press Conference üéôÔ∏è",Manchester United,39K views
May 29,How to Upgrade from Fedora 41 to Fedora 42 In-Place,Linux Tech Life,2.2K views
May 29,Maven vs Gradle: Which one to pick? | Build Tools | Geekific,Geekific,5K views
May 29,Liebestraum No. 3,Birru,45K views
May 29,Liszt - Liebestraum No. 3 (Love Dream),Rousseau,19M views
May 29,Google Nexus 5: How to Enable / Disable Developer Options,ITJungles,1.5K views
May 29,Why Claude Code Will Always Beat Cursor in Code Quality,Greg,23K views
May 29,Alex Caruso doing push ups after steal as OKC lead by 33 at half time üò≠,Chaz NBA,74K views
May 29,GOLDBRIDGE Best Bits | Man United 0-1 All Stars,Mark Goldbridge That's Entertainment!,127K views
May 29,MAN UNITED FANS HUMILIATED üò≥ REACTION TO ASEAN ALL STARS 1-0 MAN UNITED | POST SEASON FRIENDLY,FAN REACTIONS HUB,181K views
May 29,Manchester United v ASEAN All-Stars | Match Recap,Manchester United,5.7M views
May 29,Tottenham Hotspur 1-0 Manchester United | Europa League 24/25 Match Highlights,beIN SPORTS Indonesia,1.6M views
May 29,"""We Should Perform Better"" | Ruben Amorim Post-ASEAN All-Stars Press Conference üéôÔ∏è",Manchester United,39K views
May 29,How to Upgrade from Fedora 41 to Fedora 42 In-Place,Linux Tech Life,2.2K views
May 29,Maven vs Gradle: Which one to pick? | Build Tools | Geekific,Geekific,5K views
May 29,Liebestraum No. 3,Birru,45K views
May 29,Liszt - Liebestraum No. 3 (Love Dream),Rousseau,19M views
May 28,OpenAI spends $6.5 billion to hire one guy,Theo - t3‚Ä§gg,83K views
May 28,The Failure of Real Madrid.,Vizeh,47K views
May 28,Manchester United v ASEAN All-Stars | Match Recap,Manchester United,5.7M views
May 28,The Rise And Fall of OpenAI,CodeHead,14K views
May 28,NBA ‚ÄúAYOOOOO‚Äù LORE,Chris-pg1,118K views
May 28,MATCH HIGHLIGHTS: SPANYOL 2 - 1 INGGRIS | Final - UEFA EURO 2024,Vision Plus,2.7M views
May 28,MATCH HIGHLIGHTS: SPANYOL 2 - 1 PRANCIS | Semifinal - UEFA EURO 2024,Vision Plus,2.7M views
May 28,MATCH HIGHLIGHTS: Spanyol 3 (5) - (4) 3 Belanda | Quarter-finals 2nd leg - UEFA Nations League,Vision Plus,194K views
May 28,LAMINE YAMAL EXTENDS his CONTRACT with FC BARCELONA until 2031 üîµüî¥üìù,FC Barcelona,366K views
May 28,How To Get The CLEANEST VS Code Setup!,b001,43K views
May 28,Pat McAfee had Pacers bench laughing after trash talking Knicks celeb fans üòÇ,Chaz NBA,184K views
May 28,Obi Toppin DAGGER 3 and Haliburton crazy triple double in Game 4 vs Knicks to lead 3-1,Chaz NBA,83K views
May 28,Microsoft‚Äôs new vim alternative is written in Rust???,Theo - t3‚Ä§gg,88K views
May 28,HUGE SHAKEUP at McLaren After FIA just BANNED Their MIND-BLOWING Flexi-Wing Trick | Breaking F1 News,F1Scope,252K views
May 28,HERE TO STAY: Lamine Yamal signs Barcelona contract extension through 2031 ‚úçÔ∏èüá™üá∏ | Scoreline,CBS Sports Golazo,21K views
May 28,Why I am switching from Kitty to WezTerm? (How to setup WezTerm),Lazar Nikolov,21K views
May 28,Charles Barkley tells ESPN to stop trying to make Anthony Edwards the face of the NBA,Chaz NBA,207K views
May 28,Cybersecurity has a new problem...,Low Level,182K views
May 28,REACTING TO XABI ALONSO‚ÄôS FIRST REAL MADRID PRESS CONFERENCE!,Faysal,41K views
May 27,Lance Stroll's Unforgettable Gravel Trap Adventure,Dirk,6.7K views
May 27,Lance Stroll Crash On Formation Lap F1 Brazillian Grand Prix 2024,Dirk,54K views
May 27,Oscar Piastri vs Lando Norris,DanNoSkill,250K views
May 27,Why Max Verstappen is Just BETTER,DanNoSkill,145K views
May 27,Everyone vs Lando Norris,Rick'sF1Addiction,1M views
May 27,The moment Bayer Leverkusen fans stormed the pitch after winning their first ever Bundesliga,ABOUT FOOTBALL,3M views
May 27,LET'S ALL LAUGH AT ARSENAL,Maqwell,230K views
May 27,HIGHLIGHTS: Liverpool 7-0 Man United | Salah breaks club record as Reds score SEVEN!,Liverpool FC,19M views
May 27,Mark Goldbridge Watches Liverpool Destroy Manchester United,WATCHALONG HUB ,261K views
May 27,LIVERPOOL'S DREAM TRANSFER WINDOW! GARNACHO TO CHELSEA,That's Football,326K views
May 27,"üö® BOMBAZOS BAR√áA! MAN UTD NO STOP! REAL AND NICO PAZ, DE GEA, LAMINE‚Ä¶",Fabrizio Romano,366K views
May 27,BREAKING: CHELSEA SEAL ¬£100M DEAL FOR NEW STRIKER! WHO IS IT?! SHOCKING MOVE REVEALED üî•üí•üö®,Chelsea Hotspot ,744 views
May 27,Reacting to Transfer Rumors!,NickRTFM Extra,42K views
May 27,Ranking the Top 5 Players By Position in 24/25 Season,NickRTFM Extra,43K views
May 27,Ranking Every Barcelona Player This Season‚Ä¶,K9RL ,13K views
May 27,The Season Is OVER‚Ä¶.,K9RL ,6.4K views
May 27,Smoothest F1 Transition You'll Ever See !!,Arav,765K views
May 27,the ultimate tool for designers & developers | Tempo,Tempo (YC S23),67K views
May 27,Nixos and Hyprland - Best Match Ever,Vimjoyer,246K views
May 27,Luka Doncic LOOKS FIT for next season ‚ÅâÔ∏èüí™ | First Take,NBA on ESPN,276K views
May 27,What the Heck is Going On?!,P√™che Football,182K views
May 27,Top 5 Android 16 Features: Big Visuals!,Marques Brownlee,2.1M views
May 27,Arch rice | Hyprland | Bspwm | Meowrch 2.0,DIMFLIX,42K views
May 27,5 STAGES of ARCH Ricing...,Zilox,15K views
May 27,The Funeral was Nice! | Eminem KILLSHOT (MGK diss) REACTION,No Life Shaq,6.1M views
May 27,Eminem - Not Alike ft. Royce da 5'9 (Kamikaze) | REACTION,No Life Shaq,2M views
May 26,"UNCUT REACTION MASHUP - Eminem Ft. Royce Da 5'9"" - Not Alike",TRG - The Reactors Guild,296K views
May 26,Eminem x Royce - NOT ALIKE | UNCUT REACTION MASHUP,REACTORS GOIN' CRAZY | RGC,511K views
May 26,Eminem -The Ringer | REACTION COMPILATION,REACTORS GOIN' CRAZY | RGC,662K views
May 26,EMINEM - KILL-SHOT | UNCUT REACTION MASHUP,REACTORS GOIN' CRAZY | RGC,1.5M views
May 26,Bump Heads,EminemMusic,17M views
May 26,KILLSHOT [Official Audio],EminemMusic,496M views
May 26,Linux Distro Alignment Chart,bigboxSWE,177K views
May 26,Stages of Using Neovim,bigboxSWE,65K views
May 26,The Most Annoying People in Tech,bigboxSWE,92K views
May 26,"Wait, Netflix is... Java?!",CodeHead,84K views
May 26,Building the World's First Invisible Chair PC,Basically Homeless,652K views
May 26,I was wrong - AI video is nuts (don't sleep on Veo 3),Theo - t3‚Ä§gg,80K views
May 26,Microsoft Needs To STOP This...,CodeHead,20K views
May 26,snowbunny mind control must be stopped. (Ft. Olawoolo),Zephfire,320K views
May 26,The Season Is OVER‚Ä¶.,K9RL ,6.4K views
May 26,The Weeknd 'acting',Movie Junkie,471K views
May 26,KDE Plasma having a stroke,Content Supplier,29K views
May 26,F1 drivers calling the Monaco GP sucked,yelistener,224K views
May 26,Turn VSCode into Neovim with me: A 4-Hour Journey of Configuration and ASMR,CodeAmbient,13K views
May 26,üé® VS Code Setup | Beautiful minimal look,Igor Babko,110K views
May 26,Computers are fast,Softwave,1.3M views
May 26,My Current Arch Linux + HyDE Setup,Moku Ken,3.2K views
May 26,Tmux has forever changed the way I write code.,Dreams of Code,1.2M views
May 26,MY OFFICIAL LA LIGA TEAM OF THE SEASON!,Faysal,53K views
May 26,Barcelona 24/25 Season Review,Michi,11K views
May 26,Timberwolves celebrate play-in win like they just won the Championship üòÇ,Chaz NBA,149K views
May 26,A Win On The Final Day | Man Utd v Aston Villa,Manchester United,1.9M views
May 26,Nottingham Forest 0-1 Chelsea | HIGHLIGHTS | Premier League 2024/25,Chelsea Football Club,832K views
May 26,Luka Doncic looking slim during workout and at Real Madrid game,Chaz NBA,109K views
May 26,OG Anunoby didn't get asked a single question in postgame interview after Game 3 win vs Pacers üòÖ,Chaz NBA,105K views
May 26,Karl-Anthony Towns GOES OFF for 20 POINTS in 4th QTR to win Game 3 vs Pacers,Chaz NBA,167K views
May 26,Athletic Club 0-3 Barcelona | LaLiga 24/25 Match Highlights,beIN SPORTS Indonesia,664K views
May 26,ATHLETIC CLUB 0 - 3 FC BARCELONA I HIGHLIGHTS LALIGA EA SPORTS,LALIGA EA SPORTS,3.1M views
May 26,Black And Cant Play Basketball Disease (NBA Edition),Chris-pg1,17K views
May 26,The Most Underrated IDE,Code to the Moon,96K views
May 26,Linux users trying to use Windows,MEMNOZOTECH,108K views
May 26,Linux Distro Alignment Chart,bigboxSWE,177K views
May 26,Stages of Using Neovim,bigboxSWE,65K views
May 26,The Most Annoying People in Tech,bigboxSWE,92K views
May 26,"Wait, Netflix is... Java?!",CodeHead,84K views
May 26,Building the World's First Invisible Chair PC,Basically Homeless,652K views
May 26,I was wrong - AI video is nuts (don't sleep on Veo 3),Theo - t3‚Ä§gg,80K views
May 26,Microsoft Needs To STOP This...,CodeHead,20K views
May 26,snowbunny mind control must be stopped. (Ft. Olawoolo),Zephfire,320K views
May 26,The Season Is OVER‚Ä¶.,K9RL ,6.4K views
May 26,The Weeknd 'acting',Movie Junkie,471K views
May 26,KDE Plasma having a stroke,Content Supplier,29K views
May 26,F1 drivers calling the Monaco GP sucked,yelistener,224K views
May 26,Turn VSCode into Neovim with me: A 4-Hour Journey of Configuration and ASMR,CodeAmbient,13K views
May 26,üé® VS Code Setup | Beautiful minimal look,Igor Babko,110K views
May 26,Computers are fast,Softwave,1.3M views
May 26,My Current Arch Linux + HyDE Setup,Moku Ken,3.2K views
May 26,Tmux has forever changed the way I write code.,Dreams of Code,1.2M views
May 26,MY OFFICIAL LA LIGA TEAM OF THE SEASON!,Faysal,53K views
May 26,Barcelona 24/25 Season Review,Michi,11K views
May 26,Timberwolves celebrate play-in win like they just won the Championship üòÇ,Chaz NBA,149K views
May 26,A Win On The Final Day | Man Utd v Aston Villa,Manchester United,1.9M views
May 26,Nottingham Forest 0-1 Chelsea | HIGHLIGHTS | Premier League 2024/25,Chelsea Football Club,832K views
May 26,Luka Doncic looking slim during workout and at Real Madrid game,Chaz NBA,109K views
May 26,OG Anunoby didn't get asked a single question in postgame interview after Game 3 win vs Pacers üòÖ,Chaz NBA,105K views
May 26,Karl-Anthony Towns GOES OFF for 20 POINTS in 4th QTR to win Game 3 vs Pacers,Chaz NBA,167K views
May 26,Athletic Club 0-3 Barcelona | LaLiga 24/25 Match Highlights,beIN SPORTS Indonesia,664K views
May 26,ATHLETIC CLUB 0 - 3 FC BARCELONA I HIGHLIGHTS LALIGA EA SPORTS,LALIGA EA SPORTS,3.1M views
May 26,Black And Cant Play Basketball Disease (NBA Edition),Chris-pg1,17K views
May 26,The Most Underrated IDE,Code to the Moon,96K views
May 26,Linux users trying to use Windows,MEMNOZOTECH,108K views
May 25,Dave x AJ Tracey - Thiago Silva,Santan Dave,63M views
May 25,JABBAWOCKEEZ at NBA Finals 2016,JABBAWOCKEEZ OFFICIAL,54M views
May 25,JABBAWOCKEEZ at the NBA Finals 2019,JABBAWOCKEEZ OFFICIAL,34M views
May 25,JABBAWOCKEEZ at the NBA Finals 2017,JABBAWOCKEEZ OFFICIAL,105M views
May 25,GTA 4 Theme,InstrumentManiac,3.4M views
May 25,"The 2025 F1 Intro, but it's the Formula E theme",95Micha,411K views
May 25,New 2025 F1 Opening Titles,FORMULA 1,2.3M views
May 25,How SSH Works,Mental Outlaw,639K views
May 25,LIVE: Monaco Grand Prix Post-Race Show,FORMULA 1,400K views
May 25,"7 Year-Old Crushes National Anthem, Zlatan Approves",Major League Soccer,15M views
May 25,How I make Windows look good,Coding with Sphere,359K views
May 25,"Its Finally Over For Devs (again, fr fr ong)",ThePrimeTime,529K views
May 25,Basketball fans and atmosphere USA vs Europe,Aron,11M views
May 25,Vercel put out a model (it's really good at frontend),Theo - t3‚Ä§gg,81K views
May 25,The RIDICULOUS Expectations For Junior Devs...,CodeHead,190K views
May 25,"Very Thick Scouse Accent, Jamie Carragher",Vins L,139K views
May 25,"""I prefer to kill him"" - Antonio Conte on players with bad attitudes",Sky Sports Retro,1.2M views
May 25,HIGHLIGHTS | Arsenal FC vs. Barcelona FC - UEFA Women's Champions League 24-25,DAZN Women's Football,1.6M views
May 25,FULL STREAM | #7heChamp10ns & farewell to Andr√©s Iniesta,FC Barcelona,1.1M views
May 25,The Final Act: Andr√©s Iniesta farewell video,FC Barcelona,2.9M views
May 25,An emotional tribute to Modriƒá at the Bernab√©u! | Real Madrid,Real Madrid,1M views
May 25,REAL MADRID 2 - 0 REAL SOCIEDAD I HIGHLIGHTS LALIGA EA SPORTS,LALIGA EA SPORTS,4.5M views
May 25,Marco Reus INSANE CLUTCH FREE KICK late for LA Galaxy against LAFC,Major League Soccer,1.6M views
May 25,"Philadelphia Union vs. Inter Miami CF | Full Match Highlights | Messi Golazo, Tai Baribo Brace!",Major League Soccer,1.1M views
May 25,The Timberwolves Dominate The Thunder In Game 3,Kenny For Real,200K views
May 25,Lionel Messi BEAUTIFUL GOAL on the free kick!,Major League Soccer,130K views
May 25,"We may have killed p10k, so I found the perfect replacement.",Dreams of Autonomy,257K views
May 25,Stow has forever changed the way I manage my dotfiles,Dreams of Autonomy,320K views
May 25,zoxide has forever improved the way I navigate in the terminal.,Dreams of Autonomy,521K views
May 25,Caitlin Clark HAS EXPOSED Angel Reese,Uncut Hoops,90K views
May 25,More fun in the terminal with Wezterm!,Josh Medeski,56K views
May 25,Every Linux Distro Sucks: Especially Yours.,Tech Dregs,153K views
May 25,Everyone vs Lando Norris,Rick'sF1Addiction,1M views
May 25,15 Times Opening Laps in F1 Were Pure Chaos,FORMULA 1,5.2M views
May 25,Mercedes-AMG ONE ‚Äì New Lap Record on the N√ºrburgring (full lap),YOUCAR,2.2M views
May 25,F-16 Pilot Flies Through Canyons at 600 MPH: FPV,Hasard Lee,3.5M views
May 25,The Final Lap that BROKE F1 | 2021 Abu Dhabi,Formula Lore,260K views
May 25,Max Verstappen Showed Up To My N√ºrburgring Race!,Super GT,318K views
May 25,Antonio Conte's Greatest Achievement: How Napoli Became Serie A Champions,Michael Talks Football,6.9K views
May 25,CRAZY SCENES üôå Tottenham fans STORM PITCH at Tottenham Hotspur Stadium after winning Europa League üèÜ,BeanymanSports,166K views
May 25,Max Verstappen arrives in a boat & Lewis Hamilton pulls up on his bike | Monaco F1 Driver arrivals,F1 Chequered Flag,328K views
May 25,Lando Norris and Carlos Sainz tonight in Monaco for dinner together,LIKE A G,393K views
May 25,Qualifying Highlights | 2025 Monaco Grand Prix,FORMULA 1,4.5M views
May 25,Anthony Edwards goes OFF for 16 points in first qtr and outscores OKC in Game 3,Chaz NBA,113K views
May 25,Mini Horse Tries So Hard To Make His Very First Friend | The Dodo Little But Fierce,The Dodo,9.9M views
May 25,Baby miniature horse chasing me,Animal Guy,47M views
May 25,Linkedin - The platform for brainwashed corporate drones | #corporatecringe,Joshua Fluke,490K views
May 25,Coding with Claude 4 is actually insane,ForrestKnight,80K views
May 25,Black And Cant Play Basketball Disease (NBA Edition),Chris-pg1,17K views
May 25,Amorim Tells Garnacho To LEAVE Man United!,More Lyes ,97K views
May 25,Transfer News is CRAZY,NickRTFM Extra,69K views
May 25,How The 2024/25 UCL Broke Modern Football,Jib Rules,116K views
May 24,Highland Calf Getting Petted by Man Then Mom Comes to Check up on It,ViralSnare Rights Management,19M views
May 24,Horse Is Smaller Than His Golden Retriever Siblings | The Dodo,The Dodo,7M views
May 24,Cat Plays Fetch with the Dog,Ruby the Labrador,23M views
May 24,Worlds Worst Sheepdog,James Bell,22M views
May 24,Dog mom ends beagle puppies fight,Alex Velasco,8.3M views
May 24,"Mother elephant can't wake baby sound asleep, asks keepers for help",DDLJ,6.5M views
May 24,Playful baby elephant pokes guy with his trunk,Newsflare,25M views
May 24,Adorable Elephant Learns to Play the Drums! #Elephants #Shorts,The Pet Collective,96M views
May 24,"Napoli in festa per la vittoria dello scudetto. Tifosi riempiono le piazze: ""Siamo i campioni""",Local Team,43K views
May 24,CRAZY SCENES üôå Napoli fans WILD CELEBRATIONS after winning fourth Serie A title üèÜ,BeanymanSports,44K views
May 24,FC Barcelona Treble Trophy Winning Bus Parade Celebrations Around The City,Nexus Football,408K views
May 24,LA LIGA CELEBRATION PARTY AT THE ESTADI OL√çMPIC | INSIDE VIEW | FC Barcelona üèÜüíô‚ù§Ô∏è,FC Barcelona,287K views
May 24,Tottenham Hotspur celebrate Europa League final win with an open-top bus parade,Sky Sports News,494K views
May 24,no one cares about the club world cup.,Maqwell,154K views
May 24,"Toad Sinatra - My Way (No AI, No practice, SINGLE take)",Reduced Fat Goku,1.8M views
May 24,"Pedri, I Was Unfamiliar With Your Game.",Jib Rules,118K views
May 24,Everyone vs Manchester United,Vizeh,106K views
May 24,DefaultTabController & TabBar (Flutter Widget of the Week),Flutter,237K views
May 24,Giorgio Chiellini - History of the Tottenham,Ben Smith,572K views
May 24,Guys Before and After You Start Dating Them,AGC ANDY,124K views
May 24,Claude 4: Full 120 Page Breakdown ‚Ä¶ Is it the Best New Model?,AI Explained,93K views
May 24,The Weeknd's Hurry Up Tomorrow Movie Is So Bad,fantano,297K views
May 24,Ranking Every Barcelona Player This Season‚Ä¶,K9RL ,13K views
May 24,That mother f-cker back there is not real,Chubs,4.5M views
May 24,US: Iowa sports reporter goes viral for 'cranky reporting' after being made to read weather report,WION,6.3M views
May 24,Worlds Worst Sheepdog,James Bell,22M views
May 24,Getting Your Hoe Took...,Chris-pg1,12K views
May 24,"""Girl, you're thicker than a bowl of oatmeal.""",saulo ortiz,40M views
May 24,Dog mom ends beagle puppies fight,Alex Velasco,8.3M views
May 24,"Stan Twitter: Duck laughs after woman says, I look so beautiful! ü¶Üüó£",Papi Galleto ,2.8M views
May 24,Limitless Potential | I/O 2025,Google,2.6M views
May 24,Lagi dan Lagi Gol SUPERCOOL GOAT Antony! | LaLiga 24/25 Moments,beIN SPORTS Indonesia,55K views
May 24,Manchester United Hit ROCK BOTTOM. (rant),More Lyes ,142K views
May 24,Sepp Blatter Has Money Thrown At Him By Lee Nelson,Sky News,8.5M views
May 24,FP2 Highlights | 2025 Monaco Grand Prix,FORMULA 1,2.4M views
May 24,Spotify Camp Nou's $1.8BN Rebirth: Then VS Now,Astonishing Builds,108K views
May 24,"Mob of NY Knicks Fans ATTACK Pacers Fan, He Gets the Last Laugh",TYT Sports,15K views
May 24,Villanova BFFs | AT&T,AT&T,172K views
May 24,STUNNING FULL-TIME CELEBRATIONS: Napoli edge out Inter to win 4th Serie A title üèÜ,TNT Sports,508K views
May 24,NAPOLI-CAGLIARI 2-0 | HIGHLIGHTS | Napoli Are Champions! | Serie A 2024/25,Serie A,2.9M views
May 24,THE GOOD AND BAD OF JUDE BELLINGHAM‚ÄôS SHOULDER SURGERY..,Faysal,34K views
May 24,Lamine Yamal Ballon D‚Äôor Confirmed?,P√™che Football,139K views
May 24,Pep Has Lost His Mind,Zealandism,32K views
May 23,"Ayah Mirna Keceplosan terkait ""Botol Racun Sianida"" #Riauonline #Sianida #icecold",riau online,5.9K views
May 23,Ô£ø Swift Beginner Tutorial ‚Ä¢ iOS Dev,Mitch Koko,3.1K views
May 23,Are you filming me?,Richard Lee,5.6M views
May 23,Baby elephant throwing a tantrum,Ib En,33M views
May 23,"Mother elephant can't wake baby sound asleep, asks keepers for help",DDLJ,6.5M views
May 23,"MESSI, NOU CAMP",YngwieXF,1.8M views
May 23,Bar√ßa-Madrid. Himne a cappella des de la grada. 22/3/2015.,Xavi V,448K views
May 23,Luis Diaz to Barcelona?,Michi,14K views
May 23,Barcelona 24/25 Player Ratings + Keep or Sell,Michi,22K views
May 23,HANSI FLICK EXTENDS HIS CONTRACT with FC Barcelona until 2027 üîµüî¥ üìù,FC Barcelona,102K views
May 23,RAPHINHA EXTENDS his CONTRACT with FC BARCELONA until 2028 üîµüî¥üìù,FC Barcelona,243K views
May 23,Shai Gilgeous-Alexander receives the 2024-25 NBA MVP award | NBA on ESPN,ESPN,99K views
May 23,Claude 4 is here. It's kinda nuts.,Theo - t3‚Ä§gg,171K views
May 23,Demo Reksti - Kelompok 1,alessandro,7 views
May 23,Is He A Clown Now,Zealandism,38K views
May 23,"Jaden McDaniels hilarious reason for shoving SGA ""I just wanted to foul him for real"" üòÇ",Chaz NBA,154K views
May 23,The 2025 Met Gala | LOUIS VUITTON,Louis Vuitton,441K views
May 23,Why They‚Äôre Really Mad About Kendrick & SZA‚Äôs Tour,Lightwalkerx,46K views
May 23,Scott Foster gets kicked by Julius Randle and hit in face by Lu Dort on jump ball,Chaz NBA,257K views
May 23,Delete The Club.,Football Iconic,361K views
May 23,What is going on..,Chris-pg1,19K views
May 23,LUKA MODRIC IS LEAVING REAL MADRID! ABSOLUTE DISGRACEFUL!,Faysal,52K views
May 23,Shai Gilgeous-Alexander presented with MVP Trophy in front of OKC fans,Chaz NBA,45K views
May 23,"If you're racist and you know it clap your hands, *standing ovation*",Dylan,9.2M views
May 23,Liverpool Getting Trolled,P√™che Football,172K views
May 23,Claude 4.0 dropped??,Theo - t3‚Ä§gg,36K views
May 22,LET'S LAUGH AT MANCHESTER UNITED'S ENTIRE AWFUL SEASON,Maqwell,244K views
May 22,Unlimited cards,INDIAN CR,120K views
May 22,This the same guy that made Meet The Grahams üò≠üôè,Kid Cudi‚Äôs Son ,188K views
May 22,Using VS Code to Write and Deploy Azure Functions,John Savill's Technical Training,41K views
May 22,DAYLYT ‚ÄúAYO‚Äù,IAMDAYLYT2k,481K views
May 22,Joey Bada$$ - CRASH DUMMY (Official Audio),Joey Bada$$,1.3M views
May 22,This Beef Is Getting Crazy,fantano,156K views
May 22,The NBA is why post nut clarity exists,Chris-pg1,13K views
May 22,"Google goes wild, again... 11 things you missed at I/O",Fireship,1.3M views
May 22,END CREDITS,IAMDAYLYT2k,285K views
May 22,Ange Postecoglou kept his word! üèÜ,DMac,58K views
May 22,EMOTIONAL Son Heung-min reflects on becoming first Tottenham captain since 2008 to lift a trophy ü§ç,TNT Sports,1.8M views
May 22,Spurs Win The UEL Over Man United.,More Lyes ,94K views
May 22,This Is Not Photoshop They Actually Did It,Zealandism,51K views
May 22,"Ange Postecoglou gets the LAST LAUGH ü§£ | ""SPECIAL FEELING"" Johnson on Tottenham WINNING UEL Final ü§©",CBS Sports Golazo,872K views
May 22,The Witcher 3: Wild Hunt ‚Äî 10th Anniversary Trailer,The Witcher,1.5M views
May 22,GOLDBRIDGE Best Bits | Man United 0-1 Tottenham,Mark Goldbridge That's Entertainment!,384K views
May 22,Luis Diaz To Barcelona‚Ä¶.?!,K9RL ,8K views
May 22,Tyrese Haliburton INSANE GAME WINNER vs Cavs and does big balls celly in Game 2,Chaz NBA,563K views
May 22,"OKC eliminate Denver then Chet crashes SGA interview ""You know who this is? The MVP""",Chaz NBA,78K views
May 22,Indiana Pacers vs New York Knicks Game 1 INSANE Final 5 Minutes FULL OT,Chaz NBA,390K views
May 22,Aaron Nesmith 6 THREES in FINAL 5 MINS to help force OT vs Knicks in Game 1,Chaz NBA,257K views
May 22,Tyrese Haliburton INSANE shot to force OT vs Knicks and does choke celly thinking it was a 3,Chaz NBA,860K views
May 22,First-Ever Photo of a Single Atom Captured ‚Äì A Game Changer for Science!,Glass Almanac,150K views
May 22,That Was HORRIBLE,NickRTFM Extra,64K views
May 22,Tottenham Hotspur 1-0 Manchester United | Europa League 24/25 Match Highlights,beIN SPORTS Indonesia,1.6M views
May 22,Building Discord,Pylon,99K views
May 22,Ray Vaughn - MILES AWAY from heaven | Vevo ctrl,Ray Vaughn,142K views
May 22,Luis Diaz to Barcelona?,Michi,14K views
May 22,Goodbye Rodrygo,P√™che Football,185K views
May 22,"first stream, im confused üíÄ",K9RL ,3.1K views
May 22,"The Bear | Season 4 Official Trailer | Jeremy Allen White, Ayo Edebiri, Ebon Moss-Bachrach | FX",FX Networks,12M views
May 22,END CREDITS,IAMDAYLYT2k,285K views
May 22,Ange Postecoglou kept his word! üèÜ,DMac,58K views
May 22,EMOTIONAL Son Heung-min reflects on becoming first Tottenham captain since 2008 to lift a trophy ü§ç,TNT Sports,1.8M views
May 22,Using VS Code to Write and Deploy Azure Functions,John Savill's Technical Training,41K views
May 22,Spurs Win The UEL Over Man United.,More Lyes ,94K views
May 22,This Is Not Photoshop They Actually Did It,Zealandism,51K views
May 22,"Ange Postecoglou gets the LAST LAUGH ü§£ | ""SPECIAL FEELING"" Johnson on Tottenham WINNING UEL Final ü§©",CBS Sports Golazo,872K views
May 22,The Witcher 3: Wild Hunt ‚Äî 10th Anniversary Trailer,The Witcher,1.5M views
May 22,GOLDBRIDGE Best Bits | Man United 0-1 Tottenham,Mark Goldbridge That's Entertainment!,384K views
May 22,Luis Diaz To Barcelona‚Ä¶.?!,K9RL ,8K views
May 22,Tyrese Haliburton INSANE GAME WINNER vs Cavs and does big balls celly in Game 2,Chaz NBA,563K views
May 22,"OKC eliminate Denver then Chet crashes SGA interview ""You know who this is? The MVP""",Chaz NBA,78K views
May 22,Indiana Pacers vs New York Knicks Game 1 INSANE Final 5 Minutes FULL OT,Chaz NBA,390K views
May 22,Aaron Nesmith 6 THREES in FINAL 5 MINS to help force OT vs Knicks in Game 1,Chaz NBA,257K views
May 22,Tyrese Haliburton INSANE shot to force OT vs Knicks and does choke celly thinking it was a 3,Chaz NBA,860K views
May 22,First-Ever Photo of a Single Atom Captured ‚Äì A Game Changer for Science!,Glass Almanac,150K views
May 22,That Was HORRIBLE,NickRTFM Extra,64K views
May 22,Tottenham Hotspur 1-0 Manchester United | Europa League 24/25 Match Highlights,beIN SPORTS Indonesia,1.6M views
May 22,Building Discord,Pylon,99K views
May 22,Ray Vaughn - MILES AWAY from heaven | Vevo ctrl,Ray Vaughn,142K views
May 22,Luis Diaz to Barcelona?,Michi,14K views
May 22,Goodbye Rodrygo,P√™che Football,185K views
May 22,"Google goes wild, again... 11 things you missed at I/O",Fireship,1.3M views
May 22,"first stream, im confused üíÄ",K9RL ,3.1K views
May 22,"The Bear | Season 4 Official Trailer | Jeremy Allen White, Ayo Edebiri, Ebon Moss-Bachrach | FX",FX Networks,12M views
May 21,THE WEST COAST ON JOEY A$$! | REASON - The Dead Apple (Joey diss),No Life Shaq,161K views
May 21,JOEY BADA$$ HAS LOST HIS MIND! | Red Bull Spiral Freestyle REACTION,No Life Shaq,304K views
May 21,RAY VAUGHN JUST ENDED JOEY BADA$$ IN 24 HOURS! | Ho3 Era,No Life Shaq,238K views
May 21,JOEY CALLED OUT KENDRICK AND COOKED RAY VAUGHN IN 4 MINS! | The Finals,No Life Shaq,241K views
May 21,ImDOntai Reacts To Ray Vaughn Hoe Era,ImStillDontai,93K views
May 21,ImDOntai Reacts TO Joey Badass CYPHER AHHHHH,ImStillDontai,136K views
May 21,REAL MADRID WANTS NICO WILLIAMS??? I‚ÄôM SO CONFUSED!!!!,Faysal,53K views
May 21,How Lebron and the other teams were in the locker room after getting out first round (2025),RDCworld1,1.8M views
May 21,BACK AND FORTH: DOES JINWOO HAVE MORE AURA THAN GOJO?,RDCworld1,634K views
May 21,Joey Bada$$ - CRASH DUMMY (Official Audio),Joey Bada$$,1.3M views
May 21,Cristiano Ronaldo's audacious back-heel shot at AFC Bournemouth,AFC Bournemouth,1.5M views
May 21,Joey Bada$$ - MY TOWN feat. Loaded Lux (Official Audio),Joey Bada$$,1.1M views
May 21,Ray Vaughn - Golden Eye (Official Audio),Top Dawg Entertainment,510K views
May 21,Real Madrid's Nico Williams BOMBSHELL?,DMac,54K views
May 21,Marvel Television's Ironheart | Official Trailer | Disney+,Marvel Entertainment,9.2M views
May 21,Godzilla x Kong: Supernova | Now in Production,Warner Bros.,2.7M views
May 21,Predator: Badlands | Teaser Trailer,20th Century Studios,9.7M views
May 21,IT: Welcome to Derry | Official Teaser | HBO Max,Max,6.3M views
May 21,The Accountant 2 | Official Trailer 2,Amazon MGM Studios,13M views
May 21,Mission: Impossible ‚Äì The Final Reckoning | Official Trailer (2025 Movie) - Tom Cruise,Paramount Pictures,24M views
May 21,Lando Norris | Kaido Race Party,Monster Energy,7.3M views
May 21,Fargo Official Trailer #1 - Steve Buscemi Movie (1996) HD,Rotten Tomatoes Classic Trailers,2.9M views
May 21,HONEY DON'T - Official Trailer [HD] - Only in Theaters August 22,Focus Features,11M views
May 21,Jurassic World Rebirth | Official Trailer 2,Jurassic World,19M views
May 21,Nobody 2 | Official Trailer,Universal Pictures,17M views
May 21,"The Long Walk (2025) Official Trailer - Cooper Hoffman, David Jonsson",Lionsgate Movies,12M views
May 21,Max Verstappen's first steps on the Nordschleife,n√ºrburgringtv,590K views
May 21,Android 16 with Material 3 Expressive: Full Breakdown!,HowToMen,128K views
May 21,Reacting to my Barca Pre Season Bold Predictions,Michi,47K views
May 21,"Joey Bada$$, Big Sean, Ab-Soul | Red Bull Spiral Freestyle",Red Bull 1520,2.9M views
May 21,Solving a Rubik's Cube in 0.103 Seconds - New World Record,Matthew Patrohay,11M views
May 21,üòÆ‚Äçüí®üòÆ‚Äçüí®üòÆ‚Äçüí®,NBA on ESPN,3.7M views
May 21,Everything Google just announced,Theo - t3‚Ä§gg,118K views
May 21,Why FAANG Devs Aren‚Äôt That Special,Shade of Code,75K views
May 21,writing a college paper then vs. now,Man Carrying Thing,386K views
May 21,4 projects that helped me escape web dev,Robotic Nation,120K views
May 21,Joey Bada$$ - THE FINALS (Official Audio),Joey Bada$$,1.1M views
May 21,Huge Rap Beef,fantano,230K views
May 21,Adin Ross Is A Clown,ShawnCeeLIVE,147K views
May 21,MADRID‚ÄôS THIRD SIGNING & BARCA WANT NEW KEEPER | NEWS SHOW,Faysal,40K views
May 21,Vinicius Jr‚Äôs Netflix Documentary Drama,P√™che Football,137K views
May 21,Why Frontend Dev Is a Pyramid SCHEME,Shade of Code,53K views
May 21,We Need To Talk About Mobile Dev...,CodeHead,39K views
May 21,The UGLY Truth About Tech Interviews,Shade of Code,15K views
May 21,Netflix is Built on Java,ForrestKnight,119K views
May 21,ESP32 CAM with Python OpenCV Yolo V3 & Arduino | Car Parking Barrier Gate control system,Electronic Clinic,23K views
May 21,99% of Developers Don't Get RPCs,The Coding Gopher,66K views
May 21,99% of Developers Don't Get Sockets,The Coding Gopher,300K views
May 21,Why Being Full Stack Is a Career SCAM,Shade of Code,77K views
May 21,I never saw this coming,Theo - t3‚Ä§gg,153K views
May 21,7 Programming Myths that waste your time,Fireship,1.1M views
May 21,Microsoft just opened the flood gates‚Ä¶,Fireship,1.2M views
May 21,Why Being Full Stack Is a Career SCAM,Shade of Code,77K views
May 21,I never saw this coming,Theo - t3‚Ä§gg,153K views
May 21,7 Programming Myths that waste your time,Fireship,1.1M views
May 21,Microsoft just opened the flood gates‚Ä¶,Fireship,1.2M views
May 20,Microsoft just opened the flood gates‚Ä¶,Fireship,1.2M views
May 20,Jugg - Young Nudy x New person same old mistakes,sabE,134K views
May 20,The TRUE Heir to Lionel Messi? üîü,DMac,37K views
May 20,UPDATE BARU HANTU TUNG TUNG TUNG SAHUR 3D,Rama TUBE,785K views
May 20,What Is Rev-Matching? Manual Shifting!,Engineering Explained,2.9M views
May 20,One of the satisfying kills in GTA V,Outlaw,1M views
May 20,THE NBA IS LYING ABOUT VICTOR WEMBANYAMA,Chris-pg1,31K views
May 20,"The BEST U-21 Player in the World not named Lamine Yamal? | Desire Doue, Pau Cubarsi? | Scoreline",CBS Sports Golazo,38K views
May 20,Reacting to my Barca Pre Season Bold Predictions,Michi,47K views
May 20,Marco Reus INSANE CLUTCH FREE KICK late for LA Galaxy against LAFC,Major League Soccer,1.6M views
May 20,What Happened in Ligue 1 was Colder,P√™che Football,118K views
May 19,How Footballers Get Paid,The Long Play,696K views
May 19,The Real Cost of Your Free Sports Stream,The Long Play,203K views
May 19,Trevor Meeting Franklin Before Michael Has Introduced Them,TheEpicPanda4,5M views
May 19,WHICH LEFT BACK SHOULD REAL MADRID SIGN?,Faysal,40K views
May 19,The Unhinged Nature of GTA V Source Code,kpjVideo,1.9M views
May 19,when the racing is so clean even the crash is clean,EenGamer,3.9M views
May 19,Kendrick Lamar - Bodies [Unreleased] (Live at the Mercedes-Benz Stadium in Atlanta on 04/29/2025),YungWillieWill,249K views
May 19,The Aim God - Rainbow Six Siege,Godly,15K views
May 19,Amazing FC Barcelona Anthem Live at Camp Nou El Clasico El Cant del Bar√ßa,suveltas,10M views
May 19,Julian Alvarez's INCH-PERFECT free-kick vs Betis! | LaLiga 24/25 Moments,beIN SPORTS Asia,7K views
May 19,"Duo Sevilla, Bade & Romero, DIKARTU MERAH dalam Kekalahan vs Real! | LaLiga 24/25 Moments",beIN SPORTS Indonesia,2.3K views
May 19,BARCELONA FINALLY LOST.....BUT,Coach Ali,32K views
May 19,Tendangan Bebas TANPA CELAH Julian Alvarez vs Betis! | LaLiga 24/25 Moments,beIN SPORTS Indonesia,27K views
May 19,Eminem Gets Interview-Crashed by 50 Cent: 'Who Is This Guy?',extratv,34M views
May 19,Sheck Wes - Mo Bamba (Live),Astroworld Festival,38M views
May 19,Childish Gambino - '3005' live at Splendour In The Grass,triple j,2.5M views
May 19,Eminem & Rihanna Perform ‚ÄúLove the Way You Lie / Not Afraid‚Äù at 2010 VMAs | MTV,MTV,117M views
May 19,Eminem ft. Elton John - Stan (live at Grammys),Claudia Jade,4.2M views
May 19,Eminem - Without Me - Live At Detroit 2002,Slim Shadyz,690K views
May 19,Entire Arena Raps HUMBLE for Kendrick - LIVE - 8/22/17,Sam Rea,8.2M views
May 19,Runaway - Kanye // Sydney 2014,moff83,2.7M views
May 19,"Baby Keem and Kendrick Lamar - Family Ties (LIVE, Barclays Center, 8/5/22) (The Big Steppers Tour)",DannyPaps94,3.4M views
May 19,Childish Gambino - This Is America | Live at Madison Square Garden,Keenan Avery,5.8M views
May 19,"Childish Gambino- ""Sweatpants"" (720p) Live @ the IHeartRadio Fest 2014",RTMorasonMD,274K views
May 19,"Tyler, The Creator - EARFQUAKE / NEW MAGIC WAND (Live at the 2020 GRAMMYs)","Tyler, The Creator",39M views
May 19,ASAP Rocky - Praise The Lord (live),Yle Vids,7.1M views
May 19,"Post Malone ""Rockstar"" live in M√ºnchen 2019",Bernd Roller Concerts,20M views
May 19,Travis Scott - goosebumps | LIVE | OAF2017 (Switzerland) üî•,Lo,21M views
May 19,Sheck Wes - Mo Bamba + Live Sheck Wes (Live at WOO HAH! 2019),3voor12,4.3M views
May 19,Roddy Ricch - The Box (Wireless Festival 2022),BBC Radio 1Xtra,40M views
May 19,Dave (feat. Alex) - Thiago Silva,BBC Music,44M views
May 19,4 SECONDS LEFT TO UPLOAD AP EXAM,Wyatt,15M views
May 19,Stormtrooper Falls Down Stairs On The Way To Star Wars Premiere,Terry Tufferson,14M views
May 19,"Americana (2025) Official Trailer - Sydney Sweeney, Paul Walter Hauser, Halsey",Lionsgate Movies,4M views
May 19,HONEY DON'T - Official Trailer [HD] - Only in Theaters August 22,Focus Features,11M views
May 19,UEFA representatives walk out of congress early in protest at Gianni Infantino‚Äôs late arrival,Sky Sports News,360K views
May 19,Top 10 Most Dramatic Moments Of The 2021 F1 Season,FORMULA 1,21M views
May 19,Race Highlights | 2025 Emilia-Romagna Grand Prix,FORMULA 1,6.7M views
May 19,Superman | Official Trailer,Warner Bros.,1.4M views
May 19,F1¬Æ The Movie | Main Trailer,Warner Bros.,16M views
May 19,Barcelona Angkat Trofi LaLiga! | LaLiga 24/25 Moments,beIN SPORTS Indonesia,70K views
May 19,La Liga Secured....| Barcelona 2-0 Espanyol,K9RL ,11K views
May 19,TIME TO MOVE ON‚Ä¶. | Barcelona 2-3 Villareal,K9RL ,9.6K views
May 19,Lamine Yamal Appreciation AGAIN...,NickRTFM Extra,38K views
May 19,VILLARREAL CF 2 - 3 FC BARCELONA I HIGHLIGHTS LALIGA EA SPORTS,LALIGA EA SPORTS,3.6M views
May 19,SEVILLA FC 2 - 2 REAL MADRID I HIGHLIGHTS LALIGA EA SPORTS,LALIGA EA SPORTS,2.6M views
May 19,HP Victus Gaming 16 - Turn On Adaptive Battery Optimizer | Power Saving,HardReset.Info,250 views
May 19,How to Activate Adaptive Battery Optimizer on HP Compaq 250,HardReset.Info,231 views
May 19,Lil Yachty with the HARDEST walk out EVER,The Extra,13M views
May 19,REAL MADRID VS SEVILLA & BARCELONA VS VILLARREAL I LA LIGA WATCHALONG!,Faysal,41K views
